Name,modelName,Link,Image_Link,Occasion,Color,Price,Brand
"Brass, Stainless Steel Silver Silver, Black Jewel Set  (Pack of 1)",,https://www.flipkart.com/lila-brass-stainless-steel-silver-silver-black-jewellery-set/p/itm519ca121c5ee7?pid=JWSG2XK2NWEVBYTX&lid=LSTJWSG2XK2NWEVBYTXVENLNC&marketplace=FLIPKART&q=jewellery+for+women&store=mcr%2F96v%2Fyx2&srno=s_1_1&otracker=AS_QueryStore_OrganicAutoSuggest_2_4_na_na_na&otracker1=AS_QueryStore_OrganicAutoSuggest_2_4_na_na_na&fm=organic&iid=en_jdfAgEREFPf4rk5CBrIY6chRtsT6Llp4VLrVLbID7KAKeFGU0SKWxWdXfGwHp9pIX4fYSxxnz5xHrva4eNpcCg%3D%3D&ppt=None&ppn=None&ssid=aekr68q4c00000001692532761881&qH=ce533df150a10b44,https://rukminim2.flixcart.com/image/832/832/kohigsw0/jewellery-set/e/i/e/combo-lock-key-bracelet-chain-with-couple-rings-size-20-lila-original-imag2xk2byey9gjr.jpeg?q=70,Everyday,"Silver, Black",405,Lila 
Brass Gold-plated Pink Jewel Set  (Pack of 1),,https://www.flipkart.com/brado-jewellery-brass-gold-plated-pink-set/p/itm0a588259ce9f5?pid=JWSGQH7XHWEU2XYU&lid=LSTJWSGQH7XHWEU2XYUE3KP5A&marketplace=FLIPKART&q=jewellery+for+women&store=mcr%2F96v%2Fyx2&srno=s_1_2&otracker=AS_QueryStore_OrganicAutoSuggest_2_4_na_na_na&otracker1=AS_QueryStore_OrganicAutoSuggest_2_4_na_na_na&fm=organic&iid=36ffec02-e82e-488d-96fd-949b56a51bc1.JWSGQH7XHWEU2XYU.SEARCH&ppt=None&ppn=None&ssid=aekr68q4c00000001692532761881&qH=ce533df150a10b44,https://rukminim2.flixcart.com/image/832/832/xif0q/jewellery-set/g/u/g/d-cultured-1-jalak-gold-pink-brado-jewellery-original-imagqh7xdeydwghp.jpeg?q=70,"Everyday, Love, Religious, Wedding & Engagement",Pink,159,brado jewellery 
"Brass Gold-plated Gold, Pink Jewel Set  (Pack of 1)",,https://www.flipkart.com/brado-jewellery-brass-gold-plated-gold-pink-set/p/itmf74491f3558cc?pid=JWSGJ9GBUVQZZZ3Y&lid=LSTJWSGJ9GBUVQZZZ3Y0A9BMM&marketplace=FLIPKART&q=jewellery+for+women&store=mcr%2F96v%2Fyx2&spotlightTagId=BestsellerId_mcr%2F96v%2Fyx2&srno=s_1_3&otracker=AS_QueryStore_OrganicAutoSuggest_2_4_na_na_na&otracker1=AS_QueryStore_OrganicAutoSuggest_2_4_na_na_na&fm=organic&iid=36ffec02-e82e-488d-96fd-949b56a51bc1.JWSGJ9GBUVQZZZ3Y.SEARCH&ppt=None&ppn=None&ssid=aekr68q4c00000001692532761881&qH=ce533df150a10b44,https://rukminim2.flixcart.com/image/832/832/xif0q/jewellery-set/n/v/d/-original-imagqg3aaqg2rhz6.jpeg?q=70,"Love, Wedding & Engagement, Workwear","Gold, Pink",169,brado jewellery 
Brass Gold-plated Gold Jewel Set  (Pack of 1),,https://www.flipkart.com/brado-jewellery-brass-gold-plated-gold-set/p/itm5eeaf4ebce130?pid=JWSGMJ7Q8HRA7YGG&lid=LSTJWSGMJ7Q8HRA7YGGYIPCJ2&marketplace=FLIPKART&q=jewellery+for+women&store=mcr%2F96v%2Fyx2&srno=s_1_4&otracker=AS_QueryStore_OrganicAutoSuggest_2_4_na_na_na&otracker1=AS_QueryStore_OrganicAutoSuggest_2_4_na_na_na&fm=organic&iid=36ffec02-e82e-488d-96fd-949b56a51bc1.JWSGMJ7Q8HRA7YGG.SEARCH&ppt=None&ppn=None&ssid=aekr68q4c00000001692532761881&qH=ce533df150a10b44,https://rukminim2.flixcart.com/image/832/832/xif0q/jewellery-set/1/c/m/na-na-rofu-madurai-brado-jewellery-original-imagmj7mmuuc9vea.jpeg?q=70,"Everyday, Love, Religious, Wedding & Engagement, Workwear",Gold,199,brado jewellery 
Brass Gold-plated Pink Jewel Set  (Pack of 2),,https://www.flipkart.com/brado-jewellery-brass-gold-plated-pink-set/p/itmd53c8618f5cc3?pid=JWSGQH9YHAZYPB9X&lid=LSTJWSGQH9YHAZYPB9XJWFHXL&marketplace=FLIPKART&q=jewellery+for+women&store=mcr%2F96v%2Fyx2&srno=s_1_5&otracker=AS_QueryStore_OrganicAutoSuggest_2_4_na_na_na&otracker1=AS_QueryStore_OrganicAutoSuggest_2_4_na_na_na&fm=organic&iid=36ffec02-e82e-488d-96fd-949b56a51bc1.JWSGQH9YHAZYPB9X.SEARCH&ppt=None&ppn=None&ssid=aekr68q4c00000001692532761881&qH=ce533df150a10b44,https://rukminim2.flixcart.com/image/832/832/xif0q/jewellery-set/k/b/1/d-cultured-2-0-combo-ats-pink-ashopalav-brado-jewellery-original-imagqh9ymbzwkmjq.jpeg?q=70,"Love, Wedding & Engagement, Religious",Pink,269,brado jewellery 
Copper Silver Silver Jewel Set  (Pack of 1),,https://www.flipkart.com/sehbhagi-copper-silver-jewellery-set/p/itm1ce37e6c90018?pid=JWSGS4GJYCHW3KXH&lid=LSTJWSGS4GJYCHW3KXHFK22KP&marketplace=FLIPKART&q=jewellery+for+women&store=mcr%2F96v%2Fyx2&srno=s_1_6&otracker=AS_QueryStore_OrganicAutoSuggest_2_4_na_na_na&otracker1=AS_QueryStore_OrganicAutoSuggest_2_4_na_na_na&fm=organic&iid=36ffec02-e82e-488d-96fd-949b56a51bc1.JWSGS4GJYCHW3KXH.SEARCH&ppt=None&ppn=None&ssid=aekr68q4c00000001692532761881&qH=ce533df150a10b44,https://rukminim2.flixcart.com/image/832/832/xif0q/jewellery-set/u/e/5/na-na-1-ma-ja-ra-1238-sehbhagi-original-imags4gjsvmsgzmy.jpeg?q=70,Wedding & Engagement,Silver,299,Sehbhagi 
Brass Gold-plated Gold Jewel Set  (Pack of 1),,https://www.flipkart.com/brado-jewellery-brass-gold-plated-gold-set/p/itm9a2912bb8dbd0?pid=JWSGAHGG2NJFWHCM&lid=LSTJWSGAHGG2NJFWHCMNF9FLE&marketplace=FLIPKART&q=jewellery+for+women&store=mcr%2F96v%2Fyx2&spotlightTagId=BestsellerId_mcr%2F96v%2Fyx2&srno=s_1_7&otracker=AS_QueryStore_OrganicAutoSuggest_2_4_na_na_na&otracker1=AS_QueryStore_OrganicAutoSuggest_2_4_na_na_na&fm=organic&iid=36ffec02-e82e-488d-96fd-949b56a51bc1.JWSGAHGG2NJFWHCM.SEARCH&ppt=None&ppn=None&ssid=aekr68q4c00000001692532761881&qH=ce533df150a10b44,https://rukminim2.flixcart.com/image/832/832/xif0q/jewellery-set/5/r/o/cultured-na-combo-of-5-mangalsutra-for-women-and-girls-brass-original-imagahggvcgzftez.jpeg?q=70,"Wedding & Engagement, Religious, Love, Everyday, Workwear",Gold,239,brado jewellery 
"Brass, Copper Gold-plated Gold Jewel Set  (Pack of 1)",,https://www.flipkart.com/rofarword-brass-copper-gold-plated-gold-jewellery-set/p/itmfcf5090fc929d?pid=JWSGK8YNBYZX2HBT&lid=LSTJWSGK8YNBYZX2HBTPSM2AM&marketplace=FLIPKART&q=jewellery+for+women&store=mcr%2F96v%2Fyx2&srno=s_1_8&otracker=AS_QueryStore_OrganicAutoSuggest_2_4_na_na_na&otracker1=AS_QueryStore_OrganicAutoSuggest_2_4_na_na_na&fm=organic&iid=36ffec02-e82e-488d-96fd-949b56a51bc1.JWSGK8YNBYZX2HBT.SEARCH&ppt=None&ppn=None&ssid=aekr68q4c00000001692532761881&qH=ce533df150a10b44,https://rukminim2.flixcart.com/image/832/832/xif0q/jewellery-set/s/u/p/na-na-matte-choker-101-influtive-original-imagkkvyrzefjg9a.jpeg?q=70,"Wedding & Engagement, Religious, Love",Gold,269,ROFARWORD 
"Mother of Pearl, Alloy Gold-plated Gold Jewel Set  (Pack of 1)",,https://www.flipkart.com/z-n-fashions-mother-pearl-alloy-gold-plated-gold-jewellery-set/p/itmac9be831d6eb4?pid=JWSG8ZJ4P8U3KJGS&lid=LSTJWSG8ZJ4P8U3KJGSDNKECH&marketplace=FLIPKART&q=jewellery+for+women&store=mcr%2F96v%2Fyx2&srno=s_1_9&otracker=AS_QueryStore_OrganicAutoSuggest_2_4_na_na_na&otracker1=AS_QueryStore_OrganicAutoSuggest_2_4_na_na_na&fm=organic&iid=36ffec02-e82e-488d-96fd-949b56a51bc1.JWSG8ZJ4P8U3KJGS.SEARCH&ppt=None&ppn=None&ssid=aekr68q4c00000001692532761881&qH=ce533df150a10b44,https://rukminim2.flixcart.com/image/832/832/xif0q/jewellery-set/3/2/1/-original-imagqg5tuzgvdwzg.jpeg?q=70,"Love, Wedding & Engagement",Gold,199,z.n. fashions 
"Copper Gold-plated Green, Gold Jewel Set  (Pack of 7)",,https://www.flipkart.com/bajrang-jewels-point-copper-gold-plated-green-gold-jewellery-set/p/itm16ad7380897ad?pid=JWSGR64BGW8HSBEQ&lid=LSTJWSGR64BGW8HSBEQ9RBFWB&marketplace=FLIPKART&q=jewellery+for+women&store=mcr%2F96v%2Fyx2&srno=s_1_10&otracker=AS_QueryStore_OrganicAutoSuggest_2_4_na_na_na&otracker1=AS_QueryStore_OrganicAutoSuggest_2_4_na_na_na&fm=organic&iid=36ffec02-e82e-488d-96fd-949b56a51bc1.JWSGR64BGW8HSBEQ.SEARCH&ppt=None&ppn=None&ssid=aekr68q4c00000001692532761881&qH=ce533df150a10b44,https://rukminim2.flixcart.com/image/832/832/xif0q/jewellery-set/c/y/b/na-na-001-green-aaiji-creation-original-imagk5xa3eqytedh.jpeg?q=70,"Religious, Wedding & Engagement, Love","Green, Gold",1696,Bajrang Jewels point 
Copper Gold-plated Gold Jewel Set  (Pack of 2),,https://www.flipkart.com/keymax-copper-gold-plated-gold-jewellery-set/p/itmeeba55c0623b1?pid=JWSGGVTGGAH9FZXM&lid=LSTJWSGGVTGGAH9FZXMZ5TVHD&marketplace=FLIPKART&q=jewellery+for+women&store=mcr%2F96v%2Fyx2&srno=s_1_11&otracker=AS_QueryStore_OrganicAutoSuggest_2_4_na_na_na&otracker1=AS_QueryStore_OrganicAutoSuggest_2_4_na_na_na&fm=organic&iid=36ffec02-e82e-488d-96fd-949b56a51bc1.JWSGGVTGGAH9FZXM.SEARCH&ppt=None&ppn=None&ssid=aekr68q4c00000001692532761881&qH=ce533df150a10b44,https://rukminim2.flixcart.com/image/832/832/xif0q/jewellery-set/d/n/6/na-na-neck-40n-fallalery-original-imaggtnmrvbmvqgd.jpeg?q=70,"Everyday, Love, Religious, Wedding & Engagement, Workwear",Gold,321,KEYMAX 
Brass Gold-plated Gold Jewel Set  (Pack of 1),,https://www.flipkart.com/goldeighteen-brass-gold-plated-gold-jewellery-set/p/itm8dd46170d8ad3?pid=JWSGMRVFRJPTZHZ8&lid=LSTJWSGMRVFRJPTZHZ8AGZ9DR&marketplace=FLIPKART&q=jewellery+for+women&store=mcr%2F96v%2Fyx2&srno=s_1_12&otracker=AS_QueryStore_OrganicAutoSuggest_2_4_na_na_na&otracker1=AS_QueryStore_OrganicAutoSuggest_2_4_na_na_na&fm=organic&iid=36ffec02-e82e-488d-96fd-949b56a51bc1.JWSGMRVFRJPTZHZ8.SEARCH&ppt=None&ppn=None&ssid=aekr68q4c00000001692532761881&qH=ce533df150a10b44,https://rukminim2.flixcart.com/image/832/832/xif0q/jewellery-set/s/x/b/na-plastic-1-180137-goldeighteen-original-imagmrvf8mzzqbms.jpeg?q=70,"Love, Religious, Workwear",Gold,225,GOLDEIGHTEEN 
Brass Gold-plated Gold Jewel Set  (Pack of 1),,https://www.flipkart.com/primectrla-fab-brass-gold-plated-gold-jewellery-set/p/itmfcedcc82efedd?pid=JWSGSYXBXYQWGDYB&lid=LSTJWSGSYXBXYQWGDYBQZQWHU&marketplace=FLIPKART&q=jewellery+for+women&store=mcr%2F96v%2Fyx2&srno=s_1_13&otracker=AS_QueryStore_OrganicAutoSuggest_2_4_na_na_na&otracker1=AS_QueryStore_OrganicAutoSuggest_2_4_na_na_na&fm=organic&iid=36ffec02-e82e-488d-96fd-949b56a51bc1.JWSGSYXBXYQWGDYB.SEARCH&ppt=None&ppn=None&ssid=aekr68q4c00000001692532761881&qH=ce533df150a10b44,https://rukminim2.flixcart.com/image/832/832/xif0q/jewellery-set/x/w/x/south-sea-na-1-0065-primectrla-fab-original-imagsywsv4nkeagc.jpeg?q=70,"Love, Wedding & Engagement",Gold,3400,Primectrla Fab 
Alloy Rhodium White Jewel Set  (Pack of 1),,https://www.flipkart.com/rhymee-alloy-rhodium-white-jewellery-set/p/itme74ecc83e32e4?pid=JWSGGTUSRYTGWSGX&lid=LSTJWSGGTUSRYTGWSGXZPRONL&marketplace=FLIPKART&q=jewellery+for+women&store=mcr%2F96v%2Fyx2&srno=s_1_14&otracker=AS_QueryStore_OrganicAutoSuggest_2_4_na_na_na&otracker1=AS_QueryStore_OrganicAutoSuggest_2_4_na_na_na&fm=organic&iid=36ffec02-e82e-488d-96fd-949b56a51bc1.JWSGGTUSRYTGWSGX.SEARCH&ppt=None&ppn=None&ssid=aekr68q4c00000001692532761881&qH=ce533df150a10b44,https://rukminim2.flixcart.com/image/832/832/kqco5u80/jewellery-set/g/c/h/780-r-a-enterprises-original-imag4dyzceaqhkhp.jpeg?q=70,Wedding & Engagement,White,249,Rhymee 
"Brass Brass, Gold-plated Gold Jewel Set  (Pack of 1)",,https://www.flipkart.com/asmitta-jewellery-brass-brass-gold-plated-gold-set/p/itm006b7fd52a6b0?pid=JWSFGH5KZ2GAHPFM&lid=LSTJWSFGH5KZ2GAHPFMGRXYXZ&marketplace=FLIPKART&q=jewellery+for+women&store=mcr%2F96v%2Fyx2&srno=s_1_15&otracker=AS_QueryStore_OrganicAutoSuggest_2_4_na_na_na&otracker1=AS_QueryStore_OrganicAutoSuggest_2_4_na_na_na&fm=organic&iid=36ffec02-e82e-488d-96fd-949b56a51bc1.JWSFGH5KZ2GAHPFM.SEARCH&ppt=None&ppn=None&ssid=aekr68q4c00000001692532761881&qH=ce533df150a10b44,https://rukminim2.flixcart.com/image/832/832/l2f20sw0/jewellery-set/t/u/r/na-na-ns725kjgldsb0-asmitta-jewellery-original-imagdrzyhssug9nr.jpeg?q=70,"Religious, Wedding & Engagement, Everyday, Workwear, Love",Gold,199,ASMITTA Jewellery 
Brass Gold-plated Black Jewel Set  (Pack of 1),,https://www.flipkart.com/brado-jewellery-brass-gold-plated-black-set/p/itm50b6261d9cdc2?pid=JWSGH5HUFD5KFACE&lid=LSTJWSGH5HUFD5KFACEHHZNUA&marketplace=FLIPKART&q=jewellery+for+women&store=mcr%2F96v%2Fyx2&srno=s_1_16&otracker=AS_QueryStore_OrganicAutoSuggest_2_4_na_na_na&otracker1=AS_QueryStore_OrganicAutoSuggest_2_4_na_na_na&fm=organic&iid=36ffec02-e82e-488d-96fd-949b56a51bc1.JWSGH5HUFD5KFACE.SEARCH&ppt=None&ppn=None&ssid=aekr68q4c00000001692532761881&qH=ce533df150a10b44,https://rukminim2.flixcart.com/image/832/832/xif0q/jewellery-set/f/g/m/ef-na-2-black-color-ats-brado-jewellery-original-imagp8vv6fthwg4q.jpeg?q=70,"Everyday, Love, Religious, Wedding & Engagement, Workwear",Black,179,brado jewellery 
Alloy Gold-plated Gold Jewel Set  (Pack of 4),,https://www.flipkart.com/sukkhi-alloy-gold-plated-gold-jewellery-set/p/itmec1a0f5384b87?pid=JWSG8STEREUJVNUE&lid=LSTJWSG8STEREUJVNUE44O30J&marketplace=FLIPKART&q=jewellery+for+women&store=mcr%2F96v%2Fyx2&srno=s_1_17&otracker=AS_QueryStore_OrganicAutoSuggest_2_4_na_na_na&otracker1=AS_QueryStore_OrganicAutoSuggest_2_4_na_na_na&fm=organic&iid=36ffec02-e82e-488d-96fd-949b56a51bc1.JWSG8STEREUJVNUE.SEARCH&ppt=None&ppn=None&ssid=aekr68q4c00000001692532761881&qH=ce533df150a10b44,https://rukminim2.flixcart.com/image/832/832/kw104nk0/jewellery-set/v/x/2/na-na-skr85848-sukkhi-original-imag8stey8gyygvg.jpeg?q=70,Wedding & Engagement,Gold,349,Sukkhi 
"Brass, Alloy Gold-plated, Brass Gold Jewel Set  (Pack of 1)",,https://www.flipkart.com/tonolika-jewellery-brass-alloy-gold-plated-brass-gold-set/p/itmc0872eb6f06c9?pid=JWSGPVD2STXQTHZU&lid=LSTJWSGPVD2STXQTHZUNRYJYE&marketplace=FLIPKART&q=jewellery+for+women&store=mcr%2F96v%2Fyx2&spotlightTagId=TrendingId_mcr%2F96v%2Fyx2&srno=s_1_18&otracker=AS_QueryStore_OrganicAutoSuggest_2_4_na_na_na&otracker1=AS_QueryStore_OrganicAutoSuggest_2_4_na_na_na&fm=organic&iid=36ffec02-e82e-488d-96fd-949b56a51bc1.JWSGPVD2STXQTHZU.SEARCH&ppt=None&ppn=None&ssid=aekr68q4c00000001692532761881&qH=ce533df150a10b44,https://rukminim2.flixcart.com/image/832/832/xif0q/jewellery-set/q/p/p/na-na-1-y-42-ruzee-original-imagqfs3qejryf5d.jpeg?q=70,"Wedding & Engagement, Love, Religious, Everyday",Gold,177,TONOLIKA JEWELLERY 
Brass Gold-plated Gold Jewel Set  (Pack of 1),,https://www.flipkart.com/primectrla-fab-brass-gold-plated-gold-jewellery-set/p/itm15ada4e9e062e?pid=JWSGSYT9RNK6GMEG&lid=LSTJWSGSYT9RNK6GMEGDSLKZO&marketplace=FLIPKART&q=jewellery+for+women&store=mcr%2F96v%2Fyx2&srno=s_1_19&otracker=AS_QueryStore_OrganicAutoSuggest_2_4_na_na_na&otracker1=AS_QueryStore_OrganicAutoSuggest_2_4_na_na_na&fm=organic&iid=36ffec02-e82e-488d-96fd-949b56a51bc1.JWSGSYT9RNK6GMEG.SEARCH&ppt=None&ppn=None&ssid=aekr68q4c00000001692532761881&qH=ce533df150a10b44,https://rukminim2.flixcart.com/image/832/832/xif0q/jewellery-set/h/f/e/south-sea-na-1-0063-primectrlafab-original-imagsyt9hjxgumfb.jpeg?q=70,"Love, Wedding & Engagement",Gold,3800,Primectrla Fab 
Alloy Gold-plated Yellow Jewel Set  (Pack of 2),,https://www.flipkart.com/sukkhi-alloy-gold-plated-yellow-jewellery-set/p/itm878f1b04e73fe?pid=JWSFG5CEQTGFT869&lid=LSTJWSFG5CEQTGFT869Y9BJZQ&marketplace=FLIPKART&q=jewellery+for+women&store=mcr%2F96v%2Fyx2&srno=s_1_20&otracker=AS_QueryStore_OrganicAutoSuggest_2_4_na_na_na&otracker1=AS_QueryStore_OrganicAutoSuggest_2_4_na_na_na&fm=organic&iid=36ffec02-e82e-488d-96fd-949b56a51bc1.JWSFG5CEQTGFT869.SEARCH&ppt=None&ppn=None&ssid=aekr68q4c00000001692532761881&qH=ce533df150a10b44,https://rukminim2.flixcart.com/image/832/832/jvgzl3k0/jewellery-set/8/6/9/cb73381-d2-sukkhi-original-imaf7yphyhcuc7sf.jpeg?q=70,Wedding & Engagement,Yellow,269,Sukkhi 
Oxidised Silver Silver Silver Jewel Set  (Pack of 1),,https://www.flipkart.com/arch-gallery-oxidised-silver-jewellery-set/p/itme6408e7b928b2?pid=JWSGEXP8ZKDK3AXZ&lid=LSTJWSGEXP8ZKDK3AXZDBMMSV&marketplace=FLIPKART&q=jewellery+for+women&store=mcr%2F96v%2Fyx2&srno=s_1_21&otracker=AS_QueryStore_OrganicAutoSuggest_2_4_na_na_na&otracker1=AS_QueryStore_OrganicAutoSuggest_2_4_na_na_na&fm=organic&iid=36ffec02-e82e-488d-96fd-949b56a51bc1.JWSGEXP8ZKDK3AXZ.SEARCH&ppt=None&ppn=None&ssid=aekr68q4c00000001692532761881&qH=ce533df150a10b44,https://rukminim2.flixcart.com/image/832/832/xif0q/jewellery-set/w/m/a/-original-imagqg5vyhfgrpmm.jpeg?q=70,Everyday,Silver,199,Arch gallery 
"Alloy Gold-plated Red, Gold, White, Green Jewel Set  (Pack of 1)",,https://www.flipkart.com/nagneshi-art-alloy-gold-plated-red-gold-white-green-jewellery-set/p/itm27a7b8f833f7e?pid=JWSGFFUGHV4AUGND&lid=LSTJWSGFFUGHV4AUGNDNO8YEE&marketplace=FLIPKART&q=jewellery+for+women&store=mcr%2F96v%2Fyx2&srno=s_1_22&otracker=AS_QueryStore_OrganicAutoSuggest_2_4_na_na_na&otracker1=AS_QueryStore_OrganicAutoSuggest_2_4_na_na_na&fm=organic&iid=36ffec02-e82e-488d-96fd-949b56a51bc1.JWSGFFUGHV4AUGND.SEARCH&ppt=None&ppn=None&ssid=aekr68q4c00000001692532761881&qH=ce533df150a10b44,https://rukminim2.flixcart.com/image/832/832/xif0q/jewellery-set/d/x/8/na-na-06088-nagneshi-art-original-imagd6zy3acfhcmz.jpeg?q=70,Wedding & Engagement,"Red, Gold, White, Green",354,Nagneshi Art 
Alloy Gold-plated Blue Jewel Set  (Pack of 1),,https://www.flipkart.com/ramsonenterpris-alloy-gold-plated-blue-jewellery-set/p/itm5555da1e7a637?pid=JWSGR79VHGGDFTTH&lid=LSTJWSGR79VHGGDFTTHG2QQNL&marketplace=FLIPKART&q=jewellery+for+women&store=mcr%2F96v%2Fyx2&srno=s_1_23&otracker=AS_QueryStore_OrganicAutoSuggest_2_4_na_na_na&otracker1=AS_QueryStore_OrganicAutoSuggest_2_4_na_na_na&fm=organic&iid=36ffec02-e82e-488d-96fd-949b56a51bc1.JWSGR79VHGGDFTTH.SEARCH&ppt=None&ppn=None&ssid=aekr68q4c00000001692532761881&qH=ce533df150a10b44,https://rukminim2.flixcart.com/image/832/832/xif0q/jewellery-set/7/v/c/na-freshwater-1-red3030-vishnu-enterprises-original-imagrfjyzhdbafaf.jpeg?q=70,Wedding & Engagement,Blue,199,RamsonEnterpris 
Brass Gold-plated Gold Jewel Set  (Pack of 1),,https://www.flipkart.com/asmitta-jewellery-brass-gold-plated-gold-set/p/itmf078c58bd7347?pid=JWSF6TZSDFKSTRHG&lid=LSTJWSF6TZSDFKSTRHGEBXARP&marketplace=FLIPKART&q=jewellery+for+women&store=mcr%2F96v%2Fyx2&srno=s_1_24&otracker=AS_QueryStore_OrganicAutoSuggest_2_4_na_na_na&otracker1=AS_QueryStore_OrganicAutoSuggest_2_4_na_na_na&fm=organic&iid=36ffec02-e82e-488d-96fd-949b56a51bc1.JWSF6TZSDFKSTRHG.SEARCH&ppt=None&ppn=None&ssid=aekr68q4c00000001692532761881&qH=ce533df150a10b44,https://rukminim2.flixcart.com/image/832/832/kqv8vww0/jewellery-set/n/c/x/nm445brgldhu0-asmitta-jewellery-original-imag4scxgst92zyt.jpeg?q=70,"Wedding & Engagement, Religious, Everyday, Love, Workwear",Gold,299,ASMITTA Jewellery 
Alloy Gold-plated Gold Jewel Set  (Pack of 1),,https://www.flipkart.com/diksha-collection-alloy-gold-plated-gold-jewellery-set/p/itm7eacf26524664?pid=JWSG9B9PJZZYZYFN&lid=LSTJWSG9B9PJZZYZYFNEILB2V&marketplace=FLIPKART&q=jewellery+for+women&store=mcr%2F96v%2Fyx2&spotlightTagId=FkPickId_mcr%2F96v%2Fyx2&srno=s_1_25&otracker=AS_QueryStore_OrganicAutoSuggest_2_4_na_na_na&otracker1=AS_QueryStore_OrganicAutoSuggest_2_4_na_na_na&fm=organic&iid=36ffec02-e82e-488d-96fd-949b56a51bc1.JWSG9B9PJZZYZYFN.SEARCH&ppt=None&ppn=None&ssid=aekr68q4c00000001692532761881&qH=ce533df150a10b44,https://rukminim2.flixcart.com/image/832/832/l2dmky80/jewellery-set/h/m/f/na-na-bla1-diksha-collection-original-imagdq4ujwfvegxv.jpeg?q=70,"Wedding & Engagement, Workwear, Everyday, Religious, Love",Gold,360,DIKSHA COLLECTION 
Alloy Gold-plated Gold Jewel Set  (Pack of 1),,https://www.flipkart.com/sukkhi-alloy-gold-plated-gold-jewellery-set/p/itm8a4a7d5d16507?pid=JWSEF7Q6KHUDDBHJ&lid=LSTJWSEF7Q6KHUDDBHJNEVRXJ&marketplace=FLIPKART&q=jewellery+for+women&store=mcr%2F96v%2Fyx2&srno=s_1_26&otracker=AS_QueryStore_OrganicAutoSuggest_2_4_na_na_na&otracker1=AS_QueryStore_OrganicAutoSuggest_2_4_na_na_na&fm=organic&iid=36ffec02-e82e-488d-96fd-949b56a51bc1.JWSEF7Q6KHUDDBHJ.SEARCH&ppt=None&ppn=None&ssid=aekr68q4c00000001692532761881&qH=ce533df150a10b44,https://rukminim2.flixcart.com/image/832/832/xif0q/jewellery-set/n/h/7/na-na-cbns104734-sukkhi-original-imagyn8dwwgg5ufy.jpeg?q=70,Wedding & Engagement,Gold,189,Sukkhi 
"Brass, Copper Gold-plated Gold Jewel Set  (Pack of 1)",,https://www.flipkart.com/rofarword-brass-copper-gold-plated-gold-jewellery-set/p/itm0d5868518242e?pid=JWSGM8W9KZ6ZNAMW&lid=LSTJWSGM8W9KZ6ZNAMWXLSQ2S&marketplace=FLIPKART&q=jewellery+for+women&store=mcr%2F96v%2Fyx2&srno=s_1_27&otracker=AS_QueryStore_OrganicAutoSuggest_2_4_na_na_na&otracker1=AS_QueryStore_OrganicAutoSuggest_2_4_na_na_na&fm=organic&iid=36ffec02-e82e-488d-96fd-949b56a51bc1.JWSGM8W9KZ6ZNAMW.SEARCH&ppt=None&ppn=None&ssid=aekr68q4c00000001692532761881&qH=ce533df150a10b44,https://rukminim2.flixcart.com/image/832/832/l0sgyvk0/necklace-chain/p/c/1/ad-thikset-306-choker-rofarword-original-imagchsfqhtzp3gt.jpeg?q=70,"Love, Religious, Wedding & Engagement",Gold,199,ROFARWORD 
"Brass, Copper Gold-plated Gold Jewel Set  (Pack of 1)",,https://www.flipkart.com/rofarword-brass-copper-gold-plated-gold-jewellery-set/p/itm11b2dde74b8e0?pid=JWSGGUNSGBE7K7RQ&lid=LSTJWSGGUNSGBE7K7RQLX0TMJ&marketplace=FLIPKART&q=jewellery+for+women&store=mcr%2F96v%2Fyx2&srno=s_1_28&otracker=AS_QueryStore_OrganicAutoSuggest_2_4_na_na_na&otracker1=AS_QueryStore_OrganicAutoSuggest_2_4_na_na_na&fm=organic&iid=36ffec02-e82e-488d-96fd-949b56a51bc1.JWSGGUNSGBE7K7RQ.SEARCH&ppt=None&ppn=None&ssid=aekr68q4c00000001692532761881&qH=ce533df150a10b44,https://rukminim2.flixcart.com/image/832/832/xif0q/jewellery-set/f/s/f/na-na-2-sat-set-101-rofarword-original-imagm92hbgu2f3eh.jpeg?q=70,"Wedding & Engagement, Religious, Love",Gold,334,ROFARWORD 
Brass Gold-plated Gold Jewel Set  (Pack of 1),,https://www.flipkart.com/brado-jewellery-brass-gold-plated-gold-set/p/itm227b201aa1b38?pid=JWSGN8FTTAXCYXE7&lid=LSTJWSGN8FTTAXCYXE7JTLMMR&marketplace=FLIPKART&q=jewellery+for+women&store=mcr%2F96v%2Fyx2&srno=s_1_29&otracker=AS_QueryStore_OrganicAutoSuggest_2_4_na_na_na&otracker1=AS_QueryStore_OrganicAutoSuggest_2_4_na_na_na&fm=organic&iid=36ffec02-e82e-488d-96fd-949b56a51bc1.JWSGN8FTTAXCYXE7.SEARCH&ppt=None&ppn=None&ssid=aekr68q4c00000001692532761881&qH=ce533df150a10b44,https://rukminim2.flixcart.com/image/832/832/xif0q/jewellery-set/6/i/r/na-cultured-madurai-brado-jewellery-original-imagn8ftjnshwvhe.jpeg?q=70,"Love, Wedding & Engagement, Religious",Gold,199,brado jewellery 
Alloy Gold-plated Gold Jewel Set  (Pack of 1),,https://www.flipkart.com/navya-collection-alloy-gold-plated-gold-jewellery-set/p/itm6f56a519efefe?pid=JWSGEE6GFBCY5VWH&lid=LSTJWSGEE6GFBCY5VWHVJC18O&marketplace=FLIPKART&q=jewellery+for+women&store=mcr%2F96v%2Fyx2&srno=s_1_30&otracker=AS_QueryStore_OrganicAutoSuggest_2_4_na_na_na&otracker1=AS_QueryStore_OrganicAutoSuggest_2_4_na_na_na&fm=organic&iid=36ffec02-e82e-488d-96fd-949b56a51bc1.JWSGEE6GFBCY5VWH.SEARCH&ppt=None&ppn=None&ssid=aekr68q4c00000001692532761881&qH=ce533df150a10b44,https://rukminim2.flixcart.com/image/832/832/ktyp8cw0/shopsy-jewellery-set/c/e/r/com-0001-necklace-earing-bangle-ring-set-navya-collection-original-imag76zjsj5gvbgx.jpeg?q=70,,Gold,299,Navya COLLECTION 
"Brass, Mother of Pearl, Copper, Alloy Copper, Brass Green, Gold Jewel Set  (Pack of 1)",,https://www.flipkart.com/karishma-kreations-brass-mother-pearl-copper-alloy-brass-green-gold-jewellery-set/p/itmb9e9d370e803e?pid=JWSGDJZBYYZKZMAN&lid=LSTJWSGDJZBYYZKZMANZTYTFU&marketplace=FLIPKART&q=jewellery+for+women&store=mcr%2F96v%2Fyx2&srno=s_1_31&otracker=AS_QueryStore_OrganicAutoSuggest_2_4_na_na_na&otracker1=AS_QueryStore_OrganicAutoSuggest_2_4_na_na_na&fm=organic&iid=36ffec02-e82e-488d-96fd-949b56a51bc1.JWSGDJZBYYZKZMAN.SEARCH&ppt=None&ppn=None&ssid=aekr68q4c00000001692532761881&qH=ce533df150a10b44,https://rukminim2.flixcart.com/image/832/832/l251xu80/jewellery-set/n/j/q/cultured-na-d2134-karishma-kreations-original-imagdjzbzcmvazma.jpeg?q=70,"Everyday, Love, Religious, Wedding & Engagement","Green, Gold",349,Karishma Kreations 
"Brass, Copper Gold-plated Gold Jewel Set  (Pack of 1)",,https://www.flipkart.com/rofarword-brass-copper-gold-plated-gold-jewellery-set/p/itmc0098d4c93efc?pid=JWSGFPGUK8FKK6XE&lid=LSTJWSGFPGUK8FKK6XE2HMMXI&marketplace=FLIPKART&q=jewellery+for+women&store=mcr%2F96v%2Fyx2&srno=s_1_32&otracker=AS_QueryStore_OrganicAutoSuggest_2_4_na_na_na&otracker1=AS_QueryStore_OrganicAutoSuggest_2_4_na_na_na&fm=organic&iid=36ffec02-e82e-488d-96fd-949b56a51bc1.JWSGFPGUK8FKK6XE.SEARCH&ppt=None&ppn=None&ssid=aekr68q4c00000001692532761881&qH=ce533df150a10b44,https://rukminim2.flixcart.com/image/832/832/l4x2rgw0/jewellery-set/x/b/4/na-na-unique-603-rofarword-original-imagfpgugkdptwws.jpeg?q=70,"Wedding & Engagement, Religious, Love",Gold,248,ROFARWORD 
Alloy Gold-plated Multicolor Jewel Set  (Pack of 1),,https://www.flipkart.com/bwon-alloy-gold-plated-multicolor-jewellery-set/p/itm8871e496a9ca7?pid=JWSGHYFKCFMYHZXY&lid=LSTJWSGHYFKCFMYHZXYHGYYLU&marketplace=FLIPKART&q=jewellery+for+women&store=mcr%2F96v%2Fyx2&srno=s_1_33&otracker=AS_QueryStore_OrganicAutoSuggest_2_4_na_na_na&otracker1=AS_QueryStore_OrganicAutoSuggest_2_4_na_na_na&fm=organic&iid=36ffec02-e82e-488d-96fd-949b56a51bc1.JWSGHYFKCFMYHZXY.SEARCH&ppt=None&ppn=None&ssid=aekr68q4c00000001692532761881&qH=ce533df150a10b44,https://rukminim2.flixcart.com/image/832/832/xif0q/jewellery-set/d/j/r/plastic-na-00000394-bwon-original-imaghyfjfmcycqds.jpeg?q=70,"Love, Wedding & Engagement, Religious",Multicolor,275,bwon 
Alloy Gold-plated Multicolor Jewel Set  (Pack of 2),,https://www.flipkart.com/bhagyshree-alloy-gold-plated-multicolor-jewellery-set/p/itm943e3b316652a?pid=JWSGJ2PFR5Z3HXUB&lid=LSTJWSGJ2PFR5Z3HXUB66TN1W&marketplace=FLIPKART&q=jewellery+for+women&store=mcr%2F96v%2Fyx2&srno=s_1_34&otracker=AS_QueryStore_OrganicAutoSuggest_2_4_na_na_na&otracker1=AS_QueryStore_OrganicAutoSuggest_2_4_na_na_na&fm=organic&iid=36ffec02-e82e-488d-96fd-949b56a51bc1.JWSGJ2PFR5Z3HXUB.SEARCH&ppt=None&ppn=None&ssid=aekr68q4c00000001692532761881&qH=ce533df150a10b44,https://rukminim2.flixcart.com/image/832/832/xif0q/shopsy-jewellery-set/i/p/a/sp-1009-earring-ring-set-bhagyshree-product-original-imagg9npdaqcekqb.jpeg?q=70,"Love, Everyday, Wedding & Engagement",Multicolor,551,bhagyshree 
Alloy Gold-plated Gold Jewel Set  (Pack of 1),,https://www.flipkart.com/keymax-alloy-gold-plated-gold-jewellery-set/p/itm74a104ff6d1bd?pid=JWSGFRUBDHZKDW2K&lid=LSTJWSGFRUBDHZKDW2KKGS0NQ&marketplace=FLIPKART&q=jewellery+for+women&store=mcr%2F96v%2Fyx2&srno=s_1_35&otracker=AS_QueryStore_OrganicAutoSuggest_2_4_na_na_na&otracker1=AS_QueryStore_OrganicAutoSuggest_2_4_na_na_na&fm=organic&iid=36ffec02-e82e-488d-96fd-949b56a51bc1.JWSGFRUBDHZKDW2K.SEARCH&ppt=None&ppn=None&ssid=aekr68q4c00000001692532761881&qH=ce533df150a10b44,https://rukminim2.flixcart.com/image/832/832/l4pxk7k0/jewellery-set/1/0/o/na-na-set-6n-fallalery-original-imagfjy3zegw5msb.jpeg?q=70,,Gold,373,KEYMAX 
Alloy Gold-plated Maroon Jewel Set  (Pack of 1),,https://www.flipkart.com/raj-art-jewelers-alloy-gold-plated-maroon-jewellery-set/p/itm8b4ab919fb1c9?pid=JWSGD7ZG3EPBZZJQ&lid=LSTJWSGD7ZG3EPBZZJQB6L6LX&marketplace=FLIPKART&q=jewellery+for+women&store=mcr%2F96v%2Fyx2&srno=s_1_36&otracker=AS_QueryStore_OrganicAutoSuggest_2_4_na_na_na&otracker1=AS_QueryStore_OrganicAutoSuggest_2_4_na_na_na&fm=organic&iid=36ffec02-e82e-488d-96fd-949b56a51bc1.JWSGD7ZG3EPBZZJQ.SEARCH&ppt=None&ppn=None&ssid=aekr68q4c00000001692532761881&qH=ce533df150a10b44,https://rukminim2.flixcart.com/image/832/832/xif0q/jewellery-set/r/m/r/-original-imagqg5tt27gh8wu.jpeg?q=70,,Maroon,181,raj art jewelers 
Alloy Gold-plated Gold Jewel Set  (Pack of 1),,https://www.flipkart.com/sukkhi-alloy-gold-plated-gold-jewellery-set/p/itm8d2c0edf0ec07?pid=JWSFEJNMRFEDV6WN&lid=LSTJWSFEJNMRFEDV6WNR86YUZ&marketplace=FLIPKART&q=jewellery+for+women&store=mcr%2F96v%2Fyx2&srno=s_1_37&otracker=AS_QueryStore_OrganicAutoSuggest_2_4_na_na_na&otracker1=AS_QueryStore_OrganicAutoSuggest_2_4_na_na_na&fm=organic&iid=36ffec02-e82e-488d-96fd-949b56a51bc1.JWSFEJNMRFEDV6WN.SEARCH&ppt=None&ppn=None&ssid=aekr68q4c00000001692532761881&qH=ce533df150a10b44,https://rukminim2.flixcart.com/image/832/832/jvfk58w0/jewellery-set/6/w/n/n79602-d1-sukkhi-original-imafgcawpayn7qst.jpeg?q=70,Wedding & Engagement,Gold,189,Sukkhi 
"Brass, Copper, Alloy Gold-plated Gold, Pink, Green Jewel Set  (Pack of 1)",,https://www.flipkart.com/kishusoon-brass-copper-alloy-gold-plated-gold-pink-green-jewellery-set/p/itm332ddccdda0e4?pid=JWSGK34XCYBUYUBC&lid=LSTJWSGK34XCYBUYUBCGIK0BJ&marketplace=FLIPKART&q=jewellery+for+women&store=mcr%2F96v%2Fyx2&srno=s_1_38&otracker=AS_QueryStore_OrganicAutoSuggest_2_4_na_na_na&otracker1=AS_QueryStore_OrganicAutoSuggest_2_4_na_na_na&fm=organic&iid=36ffec02-e82e-488d-96fd-949b56a51bc1.JWSGK34XCYBUYUBC.SEARCH&ppt=None&ppn=None&ssid=aekr68q4c00000001692532761881&qH=ce533df150a10b44,https://rukminim2.flixcart.com/image/832/832/l4pxk7k0/jewellery-set/y/g/i/na-na-set-1n-fallalery-original-imagfjt8shvu7eh8.jpeg?q=70,"Everyday, Love, Religious, Wedding & Engagement","Gold, Pink, Green",229,KISHUSOON 
Alloy Green Jewel Set  (Pack of 1),,https://www.flipkart.com/fallalery-alloy-green-jewellery-set/p/itm12df92772bbc5?pid=JWSGZCZ48AGZRHXD&lid=LSTJWSGZCZ48AGZRHXDQUYXY6&marketplace=FLIPKART&q=jewellery+for+women&store=mcr%2F96v%2Fyx2&srno=s_1_39&otracker=AS_QueryStore_OrganicAutoSuggest_2_4_na_na_na&otracker1=AS_QueryStore_OrganicAutoSuggest_2_4_na_na_na&fm=organic&iid=36ffec02-e82e-488d-96fd-949b56a51bc1.JWSGZCZ48AGZRHXD.SEARCH&ppt=None&ppn=None&ssid=aekr68q4c00000001692532761881&qH=ce533df150a10b44,https://rukminim2.flixcart.com/image/832/832/xif0q/jewellery-set/v/3/7/na-na-na-1-neck-113n-a-fallalery-original-imagzcz4pdeye8gf.jpeg?q=70,"Everyday, Love, Religious, Wedding & Engagement, Workwear",Green,274,FALLALERY 
Alloy Gold-plated Gold Jewel Set  (Pack of 1),,https://www.flipkart.com/m-creation-alloy-gold-plated-gold-jewellery-set/p/itm8ea27ed06eaf0?pid=JWSGA2EFZYRW4G8X&lid=LSTJWSGA2EFZYRW4G8XGYHNQF&marketplace=FLIPKART&q=jewellery+for+women&store=mcr%2F96v%2Fyx2&srno=s_1_40&otracker=AS_QueryStore_OrganicAutoSuggest_2_4_na_na_na&otracker1=AS_QueryStore_OrganicAutoSuggest_2_4_na_na_na&fm=organic&iid=36ffec02-e82e-488d-96fd-949b56a51bc1.JWSGA2EFZYRW4G8X.SEARCH&ppt=None&ppn=None&ssid=aekr68q4c00000001692532761881&qH=ce533df150a10b44,https://rukminim2.flixcart.com/image/832/832/kxnl6kw0/jewellery-set/g/n/3/na-na-mc-c-7-t-watch-m-creation-original-imaga2efrmg3unah.jpeg?q=70,,Gold,297,M Creation 
